question,ideal_answer,question_tokens,ideal_answer_tokens,gpt3.5-turbo_response,gpt-4-turbo_response
what is the purpose of the nato alliance?,the purpose of the nato alliance is to secure peace and stability in europe after world war 2.,purpose nato alliance,purpose nato alliance secure peace stability europe world war 2,The purpose of the NATO alliance is to provide collective defense and security for its member countries.,"The purpose of the NATO (North Atlantic Treaty Organization) alliance is to guarantee the freedom and security of its members through political and military means. NATO promotes democratic values and enables members to consult and cooperate on defense and security-related issues to solve problems, build trust, and, in the long run, prevent conflict. NATO is committed to the peaceful resolution of disputes but has the military power to undertake crisis-management operations if necessary."
what is the u.s. department of justice doing to combat the crimes of russian oligarchs?,the u.s. department of justice is assembling a dedicated task force to go after the crimes of russian oligarchs.,department justice combat crimes russian oligarchs,department justice assembling dedicated task force go crimes russian oligarchs,"The U.S. Department of Justice is investigating and prosecuting crimes committed by Russian oligarchs, including money laundering, fraud, and other illegal activities.","The U.S. Department of Justice combats crimes by Russian oligarchs using various strategies, including sanctions, legal prosecutions, and asset seizures. They also work in cooperation with international partners to track and impede illicit activities and enforce the rule of law. Additionally, task forces such as the ""KleptoCapture"" task force focus specifically on enforcing sanctions and targeting the illicit financial activities of Russian oligarchs and entities."
what is the american rescue plan and how did it help americans?,"the american rescue plan is a piece of legislation that provided immediate economic relief for tens of millions of americans. it helped put food on their table, keep a roof over their heads, and cut the cost of health insurance. it created jobs and left no one behind.",american rescue plan help americans,american rescue plan piece legislation provided immediate economic relief tens millions americans helped put food table keep roof heads cut cost health insurance created jobs left one behind,"The American Rescue Plan is a stimulus package passed by Congress in March 2021 to provide financial relief to Americans during the COVID-19 pandemic. It helped Americans by providing direct stimulus payments, expanding unemployment benefits, funding vaccine distribution, supporting small businesses, and increasing child tax credits, among other provisions.","The American Rescue Plan, enacted in March 2021, is a $1.9 trillion economic stimulus bill passed to accelerate the United States' recovery from the economic and health effects of the COVID-19 pandemic and the ongoing recession. Key elements include:

1. Direct financial assistance to Americans through stimulus payments of up to $1,400 per person.
2. Increased unemployment benefits, offering an additional $300 per week.
3. Funding for local and state governments to mitigate budget shortfalls.
4. Expanded tax credits, notably for children and childcare, helping families with expenses.
5. Financial aid for schools and universities to assist with safe reopening.
6. Funding for COVID-19 vaccination programs and testing efforts.

These measures helped Americans by providing financial relief, reducing unemployment, and supporting health and safety during the pandemic."
what is the purpose of the bipartisan innovation act mentioned in the text?,the bipartisan innovation act will make record investments in emerging technologies and american manufacturing to level the playing field with china and other competitors.,purpose bipartisan innovation act mentioned text,bipartisan innovation act make record investments emerging technologies american manufacturing level playing field china competitors,The purpose of the Bipartisan Innovation Act is to promote innovation and technological advancement by encouraging collaboration between government agencies and private-sector companies.,The purpose of the Bipartisan Innovation Act is to boost U.S. competitiveness with China by investing in domestic technology manufacturing and research.
